{
    "Base": "1.0",
    "Deltas": {
        "1": [
            "1.0",
            "1.1",
            58.0601
        ],
        "2": [
            "1.0",
            "7.1",
            -201
        ],
        "3": [
            "1.0",
            "5.1",
            0
        ],
        "4": [
            "5Mn+",
            "5MnO+",
            357
        ]
    },
    "Molecules": {
        "5Mn+": {
            "Charge": 1,
            "Multiplicity": 5,
            "xyz": [
                "  Mn  0.000802      0.0      0.0"
            ]
        },
        "5MnO+": {
            "Charge": 1,
            "Multiplicity": 5,
            "xyz": [
                "  Mn  -0.004361      0.0      0.0",
                "  O   1.73446      0.0      0.0"
            ]
        },
        "6MnOH+": {
            "Charge": 1,
            "Multiplicity": 6,
            "xyz": [
                "Mn    -0.064464   -1.143986    -1.143986",
                "O      0.295511    0.550837    0.550837",
                "H     0.232469    1.509777    1.509777"
            ]
        },
        "7Mn+": {
            "Charge": 1,
            "Multiplicity": 7,
            "xyz": [
                "  Mn  0.000802      0.0      0.0"
            ]
        },
        "7MnO+": {
            "Charge": 1,
            "Multiplicity": 7,
            "xyz": [
                "  Mn  -0.0579      0.0      0.0",
                "  O   1.787999      0.0      0.0"
            ]
        },
        "H": {
            "Charge": 0,
            "Multiplicity": 2,
            "xyz": [
                " H      0.0    0.0    0.0"
            ]
        },
        "H2": {
            "Charge": 0,
            "Multiplicity": 1,
            "xyz": [
                " H      0.494188    0.0    0.0",
                " H      1.235912    0.0    0.0"
            ]
        },
        "H2O": {
            "Charge": 0,
            "Multiplicity": 1,
            "xyz": [
                "O      0.116518    0.163321    0.163321",
                "H      1.075871    0.179289    0.179289",
                "H     -0.180742    1.075667    1.075667"
            ]
        },
        "TS-1-5": {
            "Charge": 1,
            "Multiplicity": 5,
            "xyz": [
                "Mn  0.181647     -0.022798      -0.022798",
                "O   1.851246      0.077798     0.077798",
                "H   1.649133     -0.957662      -0.957662",
                "H   0.924011     -1.300934      -1.300934"
            ]
        },
        "TS-1-7": {
            "Charge": 1,
            "Multiplicity": 7,
            "xyz": [
                "Mn    -0.088753    0.5223   0.5223",
                "O      1.583971    -0.095407   -0.095407",
                "H      1.443515   -1.091383    -1.091383",
                "H      1.097667   -1.634239    -1.634239"
            ]
        },
        "TS-2-5": {
            "Charge": 1,
            "Multiplicity": 5,
            "xyz": [
                "Mn  0.080711      0.035894      0.035894",
                "O   1.830803     -0.223785     -0.223785",
                "H   2.703594     -0.324886      -0.324886",
                "H   1.070265     -1.064869      -1.064869"
            ]
        },
        "TS-2-7": {
            "Charge": 1,
            "Multiplicity": 7,
            "xyz": [
                " Mn       1.343708     -0.113951     -0.113951",
                "O        2.275827     0.231772      0.231772",
                "H       2.294041     0.104831     0.104831",
                "H        0.310169      -0.683435      -0.683435 "
            ]
        },
        "Well-1-5": {
            "Charge": 1,
            "Multiplicity": 5,
            "xyz": [
                "Mn     0.370606    0.045091    0.045091",
                "O      2.102191   -0.038506   -0.038506",
                "H     -1.630363    0.515406   0.515406",
                "H     -1.667726   -0.246685   -0.246685"
            ]
        },
        "Well-1-7": {
            "Charge": 1,
            "Multiplicity": 7,
            "xyz": [
                "Mn  1.243131     -0.092016     -0.092016",
                "O   2.01364      0.090887      0.090887",
                "H   0.484692      0.080806     0.080806",
                "H   0.296699     -0.640297     -0.640297"
            ]
        },
        "Well-2-5": {
            "Charge": 1,
            "Multiplicity": 5,
            "xyz": [
                "Mn  -0.062726      0.013061     0.013061",
                "O   1.638083      0.00096     0.00096",
                "H   -0.346148      0.003887     0.003887",
                "H   2.221582     -0.004801     -0.004801"
            ]
        },
        "Well-2-7": {
            "Charge": 1,
            "Multiplicity": 7,
            "xyz": [
                "Mn  1.280629     -0.573303     -0.573303",
                "O   2.144864     -0.512835      -0.512835",
                "H   0.067341     -0.572928     -0.572928",
                "H   2.81307     -0.645021      -0.645021"
            ]
        },
        "Well-3-5": {
            "Charge": 1,
            "Multiplicity": 5,
            "xyz": [
                "Mn  0.053239      0.014233      0.014233",
                "O   2.116828     -0.096364     -0.096364",
                "H   2.677048     -0.867972     -0.867972",
                "H   2.697133      0.611136     0.611136"
            ]
        },
        "Well-3-7": {
            "Charge": 1,
            "Multiplicity": 7,
            "xyz": [
                "Mn  0.004403      0.024772      0.024772",
                "O   2.13705     -0.099687     -0.099687",
                "H   2.692265     -0.878009     -0.878009",
                "H   2.71053      0.613957     0.613957"
            ]
        }
    },
    "States": {
        "1.0": {
            "ComesFrom": [],
            "GoesTo": [
                2.0
            ],
            "MadeUpOf": [
                "5MnO+",
                "H2"
            ],
            "Type": "NoOpt"
        },
        "1.1": {
            "ComesFrom": [],
            "GoesTo": [
                2.1
            ],
            "MadeUpOf": [
                "7MnO+",
                "H2"
            ],
            "Type": "NoOpt"
        },
        "2.0": {
            "ComesFrom": [
                1.0
            ],
            "GoesTo": [
                3.0
            ],
            "MadeUpOf": [
                "Well-1-5"
            ],
            "Type": "NoOpt"
        },
        "2.1": {
            "ComesFrom": [
                1.1
            ],
            "GoesTo": [
                3.1
            ],
            "MadeUpOf": [
                "Well-1-7"
            ],
            "Type": "NoOpt"
        },
        "3.0": {
            "ComesFrom": [
                2.0
            ],
            "GoesTo": [
                4.0
            ],
            "MadeUpOf": [
                "TS-1-5"
            ],
            "Type": "NoOpt"
        },
        "3.1": {
            "ComesFrom": [
                2.1
            ],
            "GoesTo": [
                4.1
            ],
            "MadeUpOf": [
                "TS-1-7"
            ],
            "Type": "NoOpt"
        },
        "4.0": {
            "ComesFrom": [
                3.0
            ],
            "GoesTo": [
                5.0,
                5.2
            ],
            "MadeUpOf": [
                "Well-2-5"
            ],
            "Type": "NoOpt"
        },
        "4.1": {
            "ComesFrom": [
                3.1
            ],
            "GoesTo": [
                5.1,
                5.2
            ],
            "MadeUpOf": [
                "Well-2-7"
            ],
            "Type": "NoOpt"
        },
        "5.0": {
            "ComesFrom": [
                4.0
            ],
            "GoesTo": [
                6.0
            ],
            "MadeUpOf": [
                "TS-2-5"
            ],