{
    "Base": "1.0",

    "Deltas": {
        "1": ["1.0","1.1",58.0601]
    },

    "Molecules": {
        "Au2+": {
            "Charge": 1,
            "Multiplicity": 2,
            "xyz": [
                "Au  0.0000      0.0      0.0",
                "Au  2.0000      0.0      0.0"
            ]
        },
        "CH4": {
            "Charge": 0,
            "Multiplicity": 1,
            "xyz": [
                "C       -5.2452326006      2.6984451434      0.0000000000",
                "H       -4.1752326006      2.6984451434      0.0000000000",
                "H       -5.6018953825      2.2822686324      0.9189607019",
                "H       -5.6019002384      2.1106906027     -0.8198980401",
                "H       -5.6019015333      3.7023743725     -0.0990624821"
            ]
        },


        "Well-1": {
            "Charge": 1,
            "Multiplicity": 2,
            "xyz": [
                "C       -5.6670871591      2.9776153063     -0.0257642592",
                "H       -4.5606266612      3.0436243464     -0.0625243136",
                "H       -5.9768330247      2.4933287312      0.9230266068",
                "H       -6.0297962762      2.3756811602     -0.8839663160",
                "H       -6.1001923302      3.9977279757     -0.0794495319",
                "Au      -4.3572025069     -0.0776806184      0.1071042997",
                "Au      -1.7667241378      3.1314906102      0.0215736941"
            ]
        },




        "Au2CH2+": {
            "Charge": 1,
            "Multiplicity": 2,
            "xyz": [
                "C       -5.6670871591      2.9776153063     -0.0257642592",
                "H       -6.0297962762      2.3756811602     -0.8839663160",
                "H       -6.1001923302      3.9977279757     -0.0794495319",
                "Au      -4.3572025069     -0.0776806184      0.1071042997",
                "Au      -1.7667241378      3.1314906102      0.0215736941"
            ]
        },
        "H2": {
            "Charge": 0,
            "Multiplicity": 1,
            "xyz": [
                " H      0.493069    0.0    0.0",
                " H      1.237031    0.0    0.0"
            ]
        },
        "Au2C2H4+": {
            "Charge": 1,
            "Multiplicity": 5,
            "xyz": [
                " H      0.493069    0.0    0.0",
                " H      1.237031    0.0    0.0"
            ]
        }
    },









    "States": {
        "1.0": {
            "ComesFrom": [],
            "GoesTo": [],
            "MadeUpOf": [
                "Au2+",
                "CH4"
            ],
            "Type": "Well"
        },





        "2.0": {
            "ComesFrom": [],
            "GoesTo": [],
            "MadeUpOf": [
                "Au2CH2+",
                "H2"
            ],
            "Type": "Well"

        },



        "3.0": {
            "ComesFrom": [],
            "GoesTo": [],
            "MadeUpOf": [
                "Au2+",
                "CH4"
            ],
            "Type": "Well"
        },
        "4.0": {
            "ComesFrom": [],
            "GoesTo": [],
            "MadeUpOf": [
                "Au2C2H4+",
                "H2"
            ],
            "Type": "Well"
        }
    }
}
