{
    "Base": "1.0",

    "Deltas": {
        "1": ["1.0","1.1",58.0601]
    },

    "Molecules": {
        "Au2+": {
            "Charge": 1,
            "Multiplicity": 2,
            "xyz": [
                "Au  0.0000      0.0      0.0",
                "Au  2.4000      0.0      0.0"
            ]
        },
        "CH4": {
            "Charge": 0,
            "Multiplicity": 1,
            "xyz": [
                "C       -5.2452326006      2.6984451434      0.0000000000",
                "H       -4.1752326006      2.6984451434      0.0000000000",
                "H       -5.6018953825      2.2822686324      0.9189607019",
                "H       -5.6019002384      2.1106906027     -0.8198980401",
                "H       -5.6019015333      3.7023743725     -0.0990624821"
            ]
        },



        "Reaction-1-Well": {
            "Charge": 1,
            "Multiplicity": 2,
            "xyz": [
                "C       -3.3314100000      3.9540260000      0.0068520000",                 
                "H       -2.2727980000      3.9991120000      0.2986240000",                 
                "H       -3.8651120000      3.2088530000      0.6136390000",                 
                "H       -3.4462920000      3.7556930000     -1.0574910000",                 
                "H       -3.7675780000      4.9280910000      0.2430810000",                 
                "Au      -3.4922954394      1.5970516202      0.1786453035",                 
                "Au      -1.2463741408      3.0035670298     -0.4341435491"                 
            ]
        },






        "Well-1": {
            "Charge": 1,
            "Multiplicity": 2,
            "xyz": [
                "C       -5.6670871591      2.9776153063     -0.0257642592",
                "H       -4.5606266612      3.0436243464     -0.0625243136",
                "H       -5.9768330247      2.4933287312      0.9230266068",
                "H       -6.0297962762      2.3756811602     -0.8839663160",
                "H       -6.1001923302      3.9977279757     -0.0794495319",
                "Au      -4.3572025069     -0.0776806184      0.1071042997",
                "Au      -1.7667241378      3.1314906102      0.0215736941"
            ]
        },

        "Reaction-1-TS1": {
            "Charge": 1,
            "Multiplicity": 2,
            "xyz": [
                "C       -3.3314100000      3.9540260000      0.0068520000",                 
                "H       -2.2727980000      3.9991120000      0.2986240000",                 
                "H       -5.1631411751      4.6562167565      0.4083738446",                 
                "H       -3.4462920000      3.7556930000     -1.0574910000",                 
                "H       -4.1351407566      5.4740684818      0.0436127968",                 
                "Au      -3.2425690000      0.8237910000      0.2424700000",                 
                "Au      -0.9060890000      2.0039320000     -0.3471740000"                              
            ]
        },

        "Au2CH2+": {
            "Charge": 1,
            "Multiplicity": 2,
            "xyz": [
                "C       -5.6670871591      2.9776153063     -0.0257642592",
                "H       -6.0297962762      2.3756811602     -0.8839663160",
                "H       -6.1001923302      3.9977279757     -0.0794495319",
                "Au      -4.3572025069     -0.0776806184      0.1071042997",
                "Au      -1.7667241378      3.1314906102      0.0215736941"
            ]
        },
        "H2": {
            "Charge": 0,
            "Multiplicity": 1,
            "xyz": [
                " H      0.493069    0.0    0.0",
                " H      1.237031    0.0    0.0"
            ]
        },

        "Au2C2H4+": {
            "Charge": 1,
            "Multiplicity": 2,
            "xyz": [
                "C       -5.9094614663      3.5022298487     -0.0472194347",
                "C       -4.3863303909      3.4904764054     -0.1213637242",
                "H       -6.3752796204      4.0796919611     -0.8800112109",
                "H       -6.2677064592      3.9191728620      0.9229171623",
                "Au      -6.1587000257      1.6420742567      0.1043773350",
                "H       -3.9444622865      4.5108128700     -0.0338579322",
                "H       -4.0273418834      3.0239307131     -1.0683633739",
                "Au      -4.0343516741      2.3510366665      1.1704905122"
            ]
        }
    },








    "States": {
        "1.0": {
            "ComesFrom": [],
            "GoesTo": [2.0],
            "MadeUpOf": [
                "Au2+",
                "CH4"
            ],
            "Type": "Well"
        },

        "2.0": {
            "ComesFrom": [1.0],
            "GoesTo": [3.0],
            "MadeUpOf": [
                "Reaction-1-Well"
            ],
            "Type": "Well"
        },

        "3.0": {
            "ComesFrom": [2.0],
            "GoesTo": [4.0],
            "MadeUpOf": [
                "Reaction-1-TS1"
            ],
            "Type": "TS"
        },

        "4.0": {
            "ComesFrom": [3.0],
            "GoesTo": [],
            "MadeUpOf": [
                "Au2CH2+",
                "H2"
            ],
            "Type": "Well"

        }
    }
}
