{
    "Base": "1.0",
    "Deltas": {
        "1": [
            "1.0",
            "1.1",
            58.0601
        ],
        "2": [
            "1.0",
            "7.1",
            -201
        ],
        "3": [
            "1.0",
            "5.1",
            0
        ],
        "4": [
            "5Mn+",
            "5MnO+",
            357
        ]
    },
    "Molecules": {
        "5Mn+": {
            "Charge": 1,
            "Multiplicity": 5,
            "xyz": [
                "  Mn  0.000802      0.0      0.0"
            ]
        },
        "5MnO+": {
            "Charge": 1,
            "Multiplicity": 5,
            "xyz": [
                "  Mn  -0.00582      0.0      0.0",
                "  O   1.735919      0.0      0.0"
            ]
        },
        "6MnOH+": {
            "Charge": 1,
            "Multiplicity": 6,
            "xyz": [
                "Mn    -0.033653   -1.155652    1e-05",
                "O      0.187856    0.560907    -2e-05",
                "H     0.309313    1.511373    1e-05 M 2"
            ]
        },
        "7Mn+": {
            "Charge": 1,
            "Multiplicity": 7,
            "xyz": [
                "  Mn  0.000802      0.0      0.0"
            ]
        },
        "7MnO+": {
            "Charge": 1,
            "Multiplicity": 7,
            "xyz": [
                "  Mn  -0.061238      0.0      0.0",
                "  O   1.791338      0.0      0.0"
            ]
        },
        "H": {
            "Charge": 0,
            "Multiplicity": 2,
            "xyz": [
                " H      0.0    0.0    0.0 M 2"
            ]
        },
        "H2": {
            "Charge": 0,
            "Multiplicity": 1,
            "xyz": [
                " H      0.491531    0.0    0.0 M 2",
                " H      1.238569    0.0    0.0 M 2"
            ]
        },
        "H2O": {
            "Charge": 0,
            "Multiplicity": 1,
            "xyz": [
                "O      0.112446    0.157651    0.0",
                "H      1.070239    0.187605    0.0 M 2",
                "H     -0.171038    1.073022    0.0 M 2"
            ]
        },
        "TS-1-5": {
            "Charge": 1,
            "Multiplicity": 5,
            "xyz": [
                "Mn  0.194601     -0.026001      0.06501",
                "O   1.854642      0.091762     -0.235377",
                "H   1.640411     -0.96791      0.767309 M 2",
                "H   0.916383     -1.301447      1.158681 M 2"
            ]
        },
        "TS-1-7": {
            "Charge": 1,
            "Multiplicity": 7,
            "xyz": [
                "Mn    -0.101553    0.480898   -0.362599",
                "O      1.617275    -0.068616   -0.073495",
                "H      1.466692   -1.113894    0.928933 M 2",
                "H      1.053986   -1.597117    1.436912 M 2"
            ]
        },
        "TS-2-5": {
            "Charge": 1,
            "Multiplicity": 5,
            "xyz": [
                "Mn  0.089488      0.053862      0.119972",
                "O   1.833619     -0.255915     -0.147388",
                "H   2.689056     -0.291417      0.298812 M 2",
                "H   1.07321     -1.084176      0.872299 M 2"
            ]
        },
        "TS-2-7": {
            "Charge": 1,
            "Multiplicity": 7,
            "xyz": [
                " Mn       1.628387     0.36416     -1.536378",
                "O        2.226987     -0.034654      0.481908",
                "H       1.907298     0.026181     1.403894 M 2",
                "H        0.461074      -0.816471      -1.542428 M 2"
            ]
        },
        "Well-1-5": {
            "Charge": 1,
            "Multiplicity": 5,
            "xyz": [
                "Mn     0.374777    0.042406    -0.0",
                "O      2.113998   -0.037936   0.0",
                "H     -1.639444    0.52037   0.0 M 2",
                "H     -1.674624   -0.249533   0.0 M 2"
            ]
        },
        "Well-1-7": {
            "Charge": 1,
            "Multiplicity": 7,
            "xyz": [
                "Mn  1.239353     -0.089127     -0.536289",
                "O   2.015157      0.089163      1.134437",
                "H   0.486615      0.084206     -2.454207 M 2",
                "H   0.297037     -0.644861     -2.290916 M 2"
            ]
        },
        "Well-2-5": {
            "Charge": 1,
            "Multiplicity": 5,
            "xyz": [
                "Mn  -0.056496      0.011976     -0.103972",
                "O   1.649052      0.002398     -0.304822",
                "H   -0.386563      0.004618     -1.666861 M 2",
                "H   2.244798     -0.005885     -1.06655 M 2"
            ]
        },
        "Well-2-7": {
            "Charge": 1,
            "Multiplicity": 7,
            "xyz": [
                "Mn  1.279945     -0.57243     -0.23743",
                "O   2.236056     -0.584201      1.203583",
                "H   0.040729     -0.559803     -2.120338 M 2",
                "H   2.749174     -0.587653      2.012168 M 2"
            ]
        },
        "Well-3-5": {
            "Charge": 1,
            "Multiplicity": 5,
            "xyz": [
                "Mn  0.078994      0.01324      e",
                "O   2.10954     -0.096671     -0.259674",
                "H   2.66828     -0.865806     -0.095672 M 2",
                "H   2.687434      0.61027     -0.571032 M 2"
            ]
        },
        "Well-3-7": {
            "Charge": 1,
            "Multiplicity": 7,
            "xyz": [
                "Mn  -0.01386      0.025457      0.038204",
                "O   2.139579     -0.09937     -0.2665",
                "H   2.699711     -0.872455     -0.11171 M 2",
                "H   2.718818      0.607401     -0.583239 M 2"
            ]
        }
    },
    "States": {
        "1.0": {
            "ComesFrom": [],
            "GoesTo": [
                2.0
            ],
            "MadeUpOf": [
                "5MnO+",
                "H2"
            ],
            "Type": "Well"
        },
        "1.1": {
            "ComesFrom": [],
            "GoesTo": [
                2.1
            ],
            "MadeUpOf": [
                "7MnO+",
                "H2"
            ],
            "Type": "Well"
        },
        "2.0": {
            "ComesFrom": [
                1.0
            ],
            "GoesTo": [
                3.0
            ],
            "MadeUpOf": [
                "Well-1-5"
            ],
            "Type": "Well"
        },
        "2.1": {
            "ComesFrom": [
                1.1
            ],
            "GoesTo": [
                3.1
            ],
            "MadeUpOf": [
                "Well-1-7"
            ],
            "Type": "Well"
        },
        "3.0": {
            "ComesFrom": [
                2.0
            ],
            "GoesTo": [
                4.0
            ],
            "MadeUpOf": [
                "TS-1-5"
            ],
            "Type": "TS"
        },
        "3.1": {
            "ComesFrom": [
                2.1
            ],
            "GoesTo": [
                4.1
            ],
            "MadeUpOf": [
                "TS-1-7"
            ],
            "Type": "TS"
        },
        "4.0": {
            "ComesFrom": [
                3.0
            ],
            "GoesTo": [
                5.0,
                5.2
            ],
            "MadeUpOf": [
                "Well-2-5"
            ],
            "Type": "Well"
        },
        "4.1": {
            "ComesFrom": [
                3.1
            ],
            "GoesTo": [
                5.1,
                5.2
            ],
            "MadeUpOf": [
                "Well-2-7"
            ],
            "Type": "Well"
        },
        "5.0": {
            "ComesFrom": [
                4.0
            ],
            "GoesTo": [
                6.0
            ],