{
    "Base": "1.0",
    "Deltas": {
        "1": [
            "1.0",
            "1.1",
            58.0601
        ],
        "2": [
            "1.0",
            "7.1",
            -201
        ],
        "3": [
            "1.0",
            "5.1",
            0
        ],
        "4": [
            "5Mn+",
            "5MnO+",
            357
        ]
    },
    "Molecules": {
        "5Mn+": {
            "Charge": 1,
            "Multiplicity": 5,
            "xyz": [
                "  Mn  0.000802      0.0      0.0"
            ]
        },
        "5MnO+": {
            "Charge": 1,
            "Multiplicity": 5,
            "xyz": [
                "  Mn  0.000159      0.0      0.0",
                "  O   1.72994      0.0      0.0"
            ]
        },
        "6MnOH+": {
            "Charge": 1,
            "Multiplicity": 6,
            "xyz": [
                "Mn    -0.301783   -0.661236    0.0",
                "O      1.034324    0.607664    0.0",
                "H     -0.269025    0.9702    0.0"
            ]
        },
        "7Mn+": {
            "Charge": 1,
            "Multiplicity": 7,
            "xyz": [
                "  Mn  0.000802      0.0      0.0"
            ]
        },
        "7MnO+": {
            "Charge": 1,
            "Multiplicity": 7,
            "xyz": [
                "  Mn  -0.061209      0.0      0.0",
                "  O   1.791308      0.0      0.0"
            ]
        },
        "H": {
            "Charge": 0,
            "Multiplicity": 2,
            "xyz": [
                " H      0.0    0.0    0.0"
            ]
        },
        "H2": {
            "Charge": 0,
            "Multiplicity": 1,
            "xyz": [
                " H      0.493069    0.0    0.0",
                " H      1.237031    0.0    0.0"
            ]
        },
        "H2O": {
            "Charge": 0,
            "Multiplicity": 1,
            "xyz": [
                "O      0.111718    0.156707    0.0",
                "H      1.076726    0.183731    0.0",
                "H     -0.176796    1.07784    0.0"
            ]
        },
        "TS-1-5": {
            "Charge": 1,
            "Multiplicity": 5,
            "xyz": [
                "Mn  0.661974     0.143036      -0.055309",
                "O   1.826447      0.683669     -1.195313",
                "H   1.154087     -1.250914      1.759572",
                "H   0.963528     -1.779387      1.246674"
            ]
        },
        "TS-1-7": {
            "Charge": 1,
            "Multiplicity": 7,
            "xyz": [
                "Mn    0.240764    1.124365   -1.48317",
                "O      0.562962    0.441906   0.209032",
                "H      1.522545   -2.069774    1.928166",
                "H      1.71013   -1.795226    1.275724"
            ]
        },
        "TS-2-5": {
            "Charge": 1,
            "Multiplicity": 5,
            "xyz": [
                "Mn  0.094259      0.059313      0.135085",
                "O   1.837883     -0.28831     -0.169192",
                "H   2.679661     -0.274015      0.316832",
                "H   1.07357     -1.074633      0.860969"
            ]
        },
        "TS-2-7": {
            "Charge": 1,
            "Multiplicity": 7,
            "xyz": [
                " Mn       1.617067     0.374699     -1.526369",
                "O        2.282501     -0.055414      0.486269",
                "H       1.859708     0.036278     1.371146",
                "H        0.46447      -0.816348      -1.52405 "
            ]
        },
        "Well-1-5": {
            "Charge": 1,
            "Multiplicity": 5,
            "xyz": [
                "Mn     0.384169    0.040594    0.0",
                "O      2.111667   -0.036986   -0.0",
                "H     -1.642784    0.517254   -0.0",
                "H     -1.678344   -0.245555   -0.0"
            ]
        },
        "Well-1-7": {
            "Charge": 1,
            "Multiplicity": 7,
            "xyz": [
                "Mn  1.245613     -0.09856     -0.535232",
                "O   2.012982      0.094705      1.135995",
                "H   0.484572      0.083256     -2.453044",
                "H   0.294995     -0.64002     -2.294695"
            ]
        },
        "Well-2-5": {
            "Charge": 1,
            "Multiplicity": 5,
            "xyz": [
                "Mn  -0.056866      0.012134     -0.109165",
                "O   1.650506      0.002162     -0.289526",
                "H   -0.357613      0.004423     -1.659337",
                "H   2.214764     -0.005611     -1.084178"
            ]
        },
        "Well-2-7": {
            "Charge": 1,
            "Multiplicity": 7,
            "xyz": [
                "Mn  1.305361     -0.615888     -0.308655",
                "O   2.018373     -0.426022      1.306221",
                "H   0.17382     -0.56703     -1.939415",
                "H   2.80835     -0.695147      1.799832"
            ]
        },
        "Well-3-5": {
            "Charge": 1,
            "Multiplicity": 5,
            "xyz": [
                "Mn  0.100753      0.01192      7e-05",
                "O   2.10267     -0.095853     -0.257571",
                "H   2.660682     -0.872554     -0.092929",
                "H   2.680143      0.617521     -0.572815"
            ]
        },
        "Well-3-7": {
            "Charge": 1,
            "Multiplicity": 7,
            "xyz": [
                "Mn  -0.012926      0.025437      0.037938",
                "O   2.138616     -0.099206     -0.265805",
                "H   2.699745     -0.878788     -0.109945",
                "H   2.718814      0.61359     -0.585433"
            ]
        }
    },
    "States": {
        "1.0": {
            "ComesFrom": [],
            "GoesTo": [
                2.0
            ],
            "MadeUpOf": [
                "5MnO+",
                "H2"
            ],
            "Type": "Well"
        },
        "1.1": {
            "ComesFrom": [],
            "GoesTo": [
                2.1
            ],
            "MadeUpOf": [
                "7MnO+",
                "H2"
            ],
            "Type": "Well"
        },
        "2.0": {
            "ComesFrom": [
                1.0
            ],
            "GoesTo": [
                3.0
            ],
            "MadeUpOf": [
                "Well-1-5"
            ],
            "Type": "Well"
        },
        "2.1": {
            "ComesFrom": [
                1.1
            ],
            "GoesTo": [
                3.1
            ],
            "MadeUpOf": [
                "Well-1-7"
            ],
            "Type": "Well"
        },
        "3.0": {
            "ComesFrom": [
                2.0
            ],
            "GoesTo": [
                4.0
            ],
            "MadeUpOf": [
                "TS-1-5"
            ],
            "Type": "TS"
        },
        "3.1": {
            "ComesFrom": [
                2.1
            ],
            "GoesTo": [
                4.1
            ],
            "MadeUpOf": [
                "TS-1-7"
            ],
            "Type": "TS"
        },
        "4.0": {
            "ComesFrom": [
                3.0
            ],
            "GoesTo": [
                5.0,
                5.2
            ],
            "MadeUpOf": [
                "Well-2-5"
            ],
            "Type": "Well"
        },
        "4.1": {
            "ComesFrom": [
                3.1
            ],
            "GoesTo": [
                5.1,
                5.2
            ],
            "MadeUpOf": [
                "Well-2-7"
            ],
            "Type": "Well"
        },
        "5.0": {
            "ComesFrom": [
                4.0
            ],
            "GoesTo": [
                6.0
            ],
            "MadeUpOf": [
                "TS-2-5"
            ],
            "Type": "TS"
        },